Journal Data Filtered By:  Selected Categories: Multiple Selected Editions: SCIE;SSCI;AHCI;ESCI Selected JCR Year: 2023 Selected Category Schema: WOS Selected Open Access: N Selected JIF Quartile: Q3;Q4 Indicator: Default,,,
,,,
Journal name,ISSN,eISSN,Category
JOURNAL OF APPLIED SOCIAL PSYCHOLOGY,0021-9029,1559-1816,"PSYCHOLOGY, SOCIAL"
Identity-An International Journal of Theory and Research,1528-3488,1532-706X,"PSYCHOLOGY, SOCIAL"
Health Psychology Report,2353-4184,2353-5571,"PSYCHOLOGY, SOCIAL"
INTERNATIONAL JOURNAL OF STRESS MANAGEMENT,1072-5245,1573-3424,"PSYCHOLOGY, APPLIED"
Early Education and Development,1040-9289,1556-6935,"PSYCHOLOGY, DEVELOPMENTAL"
Journal of Latinx Psychology,2578-8086,2578-8094,"PSYCHOLOGY, DEVELOPMENTAL"
Journal of Latinx Psychology,2578-8086,2578-8094,"PSYCHOLOGY, SOCIAL"
SOCIAL PSYCHOLOGY QUARTERLY,0190-2725,1939-8999,"PSYCHOLOGY, SOCIAL"
CAREER DEVELOPMENT QUARTERLY,0889-4019,2161-0045,"PSYCHOLOGY, APPLIED"
Journal of the Association for Consumer Research,2378-1815,2378-1823,"PSYCHOLOGY, APPLIED"
ASIAN JOURNAL OF SOCIAL PSYCHOLOGY,1367-2223,1467-839X,"PSYCHOLOGY, SOCIAL"
INFANT MENTAL HEALTH JOURNAL,0163-9641,1097-0355,"PSYCHOLOGY, DEVELOPMENTAL"
JOURNAL OF LANGUAGE AND SOCIAL PSYCHOLOGY,0261-927X,1552-6526,"PSYCHOLOGY, SOCIAL"
JOURNAL OF RESEARCH IN READING,0141-0423,1467-9817,"PSYCHOLOGY, EDUCATIONAL"
READING AND WRITING,0922-4777,1573-0905,"PSYCHOLOGY, EDUCATIONAL"
INFANCY,1525-0008,1532-7078,"PSYCHOLOGY, DEVELOPMENTAL"
JOURNAL OF EARLY ADOLESCENCE,0272-4316,1552-5449,"PSYCHOLOGY, DEVELOPMENTAL"
Neuropsychologia,0028-3932,1873-3514,"PSYCHOLOGY, EXPERIMENTAL"
JOURNAL OF SPORT & EXERCISE PSYCHOLOGY,0895-2779,1543-2904,"PSYCHOLOGY, APPLIED"
INTERNATIONAL JOURNAL OF BEHAVIORAL MEDICINE,1070-5503,1532-7558,"PSYCHOLOGY, CLINICAL"
International Review of Social Psychology,2397-8570,2397-8570,"PSYCHOLOGY, SOCIAL"
Personality and Mental Health,1932-8621,1932-863X,"PSYCHOLOGY, SOCIAL"
BEHAVIOR MODIFICATION,0145-4455,1552-4167,"PSYCHOLOGY, CLINICAL"
BEHAVIOURAL AND COGNITIVE PSYCHOTHERAPY,1352-4658,1469-1833,"PSYCHOLOGY, CLINICAL"
INTERNATIONAL JOURNAL OF CLINICAL AND EXPERIMENTAL HYPNOSIS,0020-7144,1744-5183,"PSYCHOLOGY, CLINICAL"
Health Psychology Research,2420-8124,2420-8124,"PSYCHOLOGY, CLINICAL"
Journal of Neuropsychology,1748-6645,1748-6653,"PSYCHOLOGY, EXPERIMENTAL"
European Journal of Trauma & Dissociation,2468-7499,2468-7499,"PSYCHOLOGY, CLINICAL"
ERGONOMICS,0014-0139,1366-5847,"PSYCHOLOGY, APPLIED"
DYSLEXIA,1076-9242,1099-0909,"PSYCHOLOGY, EDUCATIONAL"
REHABILITATION PSYCHOLOGY,0090-5550,1939-1544,"PSYCHOLOGY, CLINICAL"
COUNSELING PSYCHOLOGIST,0011-0000,1552-3861,"PSYCHOLOGY, APPLIED"
International Journal of Adolescence and Youth,0267-3843,2164-4527,"PSYCHOLOGY, DEVELOPMENTAL"
Translational Issues in Psychological Science,2332-2136,2332-2179,PSYCHOLOGY
Psychological Services,1541-1559,1939-148X,"PSYCHOLOGY, CLINICAL"
Mind Brain and Education,1751-2271,1751-228X,"PSYCHOLOGY, DEVELOPMENTAL"
JOURNAL OF EDUCATIONAL AND BEHAVIORAL STATISTICS,1076-9986,1935-1054,"PSYCHOLOGY, MATHEMATICAL"
DEVELOPMENTAL PSYCHOBIOLOGY,0012-1630,1098-2302,PSYCHOLOGY
INFANT BEHAVIOR & DEVELOPMENT,0163-6383,1879-0453,"PSYCHOLOGY, DEVELOPMENTAL"
European Journal of Developmental Psychology,1740-5629,1740-5610,"PSYCHOLOGY, DEVELOPMENTAL"
LEARNING & BEHAVIOR,1543-4494,1543-4508,"PSYCHOLOGY, EXPERIMENTAL"
Indian Journal of Psychological Medicine,0253-7176,0975-1564,PSYCHOLOGY
Journal of Trust Research,2151-5581,2151-559X,"PSYCHOLOGY, SOCIAL"
AMERICAN INDIAN AND ALASKA NATIVE MENTAL HEALTH RESEARCH,1533-7731,1533-7731,"PSYCHOLOGY, CLINICAL"
JOURNAL OF COLLEGE STUDENT PSYCHOTHERAPY,8756-8225,1540-4730,"PSYCHOLOGY, APPLIED"
Journal of Gay & Lesbian Mental Health,1935-9705,1935-9713,"PSYCHOLOGY, CLINICAL"
HIGH ABILITY STUDIES,1359-8139,1469-834X,"PSYCHOLOGY, EDUCATIONAL"
International Journal of School & Educational Psychology,2168-3603,2168-3611,"PSYCHOLOGY, EDUCATIONAL"
JOURNAL OF PSYCHOTHERAPY INTEGRATION,1053-0479,1573-3696,"PSYCHOLOGY, CLINICAL"
MIND & LANGUAGE,0268-1064,1468-0017,"PSYCHOLOGY, EXPERIMENTAL"
GROUP DYNAMICS-THEORY RESEARCH AND PRACTICE,1089-2699,1930-7802,"PSYCHOLOGY, SOCIAL"
JOURNAL OF DEVELOPMENTAL AND BEHAVIORAL PEDIATRICS,0196-206X,1536-7312,"PSYCHOLOGY, DEVELOPMENTAL"
Training and Education in Professional Psychology,1931-3918,1931-3926,"PSYCHOLOGY, EDUCATIONAL"
JOURNAL OF EXPERIMENTAL CHILD PSYCHOLOGY,0022-0965,1096-0457,"PSYCHOLOGY, DEVELOPMENTAL"
JOURNAL OF EXPERIMENTAL CHILD PSYCHOLOGY,0022-0965,1096-0457,"PSYCHOLOGY, EXPERIMENTAL"
CHILD CARE HEALTH AND DEVELOPMENT,0305-1862,1365-2214,"PSYCHOLOGY, DEVELOPMENTAL"
JOURNAL OF ADULT DEVELOPMENT,1068-0667,1573-3440,"PSYCHOLOGY, DEVELOPMENTAL"
Mediterranean Journal of Clinical Psychology,2282-1619,2282-1619,"PSYCHOLOGY, CLINICAL"
PSYCHOLOGY IN THE SCHOOLS,0033-3085,1520-6807,"PSYCHOLOGY, EDUCATIONAL"
JOURNAL OF COLLEGE STUDENT DEVELOPMENT,0897-5264,1543-3382,"PSYCHOLOGY, APPLIED"
JOURNAL OF MARITAL AND FAMILY THERAPY,0194-472X,1752-0606,"PSYCHOLOGY, CLINICAL"
PERSONAL RELATIONSHIPS,1350-4126,1475-6811,"PSYCHOLOGY, SOCIAL"
JOURNAL OF CLINICAL AND EXPERIMENTAL NEUROPSYCHOLOGY,1380-3395,1744-411X,PSYCHOLOGY
JOURNAL OF CLINICAL AND EXPERIMENTAL NEUROPSYCHOLOGY,1380-3395,1744-411X,"PSYCHOLOGY, CLINICAL"
COGNITIVE DEVELOPMENT,0885-2014,1879-226X,"PSYCHOLOGY, DEVELOPMENTAL"
COGNITIVE DEVELOPMENT,0885-2014,1879-226X,"PSYCHOLOGY, EXPERIMENTAL"
JOURNAL OF SOCIAL PSYCHOLOGY,0022-4545,1940-1183,"PSYCHOLOGY, SOCIAL"
Analyses of Social Issues and Public Policy,1529-7489,1530-2415,"PSYCHOLOGY, SOCIAL"
JOURNAL OF BEHAVIORAL DECISION MAKING,0894-3257,1099-0771,"PSYCHOLOGY, APPLIED"
JOURNAL OF CLASSIFICATION,0176-4268,1432-1343,"PSYCHOLOGY, MATHEMATICAL"
Journal of Social and Political Psychology,N/A,2195-3325,"PSYCHOLOGY, SOCIAL"
Multisensory Research,2213-4794,2213-4808,PSYCHOLOGY
Multisensory Research,2213-4794,2213-4808,"PSYCHOLOGY, EXPERIMENTAL"
SUBSTANCE USE & MISUSE,1082-6084,1532-2491,PSYCHOLOGY
Clinical Child Psychology and Psychiatry,1359-1045,1461-7021,PSYCHOLOGY
Clinical Child Psychology and Psychiatry,1359-1045,1461-7021,"PSYCHOLOGY, CLINICAL"
Clinical Child Psychology and Psychiatry,1359-1045,1461-7021,"PSYCHOLOGY, DEVELOPMENTAL"
ECOLOGICAL PSYCHOLOGY,1040-7413,1532-6969,"PSYCHOLOGY, EXPERIMENTAL"
ZEITSCHRIFT FUR PADAGOGISCHE PSYCHOLOGIE,1010-0652,1664-2910,"PSYCHOLOGY, EDUCATIONAL"
HUMAN PSYCHOPHARMACOLOGY-CLINICAL AND EXPERIMENTAL,0885-6222,1099-1077,PSYCHOLOGY
Social Influence,1553-4510,1553-4529,"PSYCHOLOGY, SOCIAL"
JOURNAL OF EMOTIONAL AND BEHAVIORAL DISORDERS,1063-4266,1538-4799,"PSYCHOLOGY, EDUCATIONAL"
JOURNAL OF CHILD LANGUAGE,0305-0009,1469-7602,"PSYCHOLOGY, DEVELOPMENTAL"
JOURNAL OF CHILD LANGUAGE,0305-0009,1469-7602,"PSYCHOLOGY, EXPERIMENTAL"
MOTIVATION AND EMOTION,0146-7239,1573-6644,"PSYCHOLOGY, EXPERIMENTAL"
MOTIVATION AND EMOTION,0146-7239,1573-6644,"PSYCHOLOGY, SOCIAL"
Applied Developmental Science,1088-8691,1532-480X,"PSYCHOLOGY, DEVELOPMENTAL"
International Journal for Educational and Vocational Guidance,1873-0388,1573-1782,"PSYCHOLOGY, APPLIED"
DEVIANT BEHAVIOR,0163-9625,1521-0456,"PSYCHOLOGY, SOCIAL"
SCHOOL PSYCHOLOGY INTERNATIONAL,0143-0343,1461-7374,"PSYCHOLOGY, EDUCATIONAL"
VISUAL COGNITION,1350-6285,1464-0716,"PSYCHOLOGY, EXPERIMENTAL"
NEUROPSYCHOLOGICAL REHABILITATION,0960-2011,1464-0694,PSYCHOLOGY
Psicologia Educativa,1135-755X,2174-0526,"PSYCHOLOGY, EDUCATIONAL"
Attention Perception & Psychophysics,1943-3921,1943-393X,PSYCHOLOGY
Attention Perception & Psychophysics,1943-3921,1943-393X,"PSYCHOLOGY, EXPERIMENTAL"
Journal of Behavioral and Cognitive Therapy,2589-9791,2589-9791,"PSYCHOLOGY, CLINICAL"
Journal of Rational-Emotive and Cognitive-Behavior Therapy,0894-9085,1573-6563,"PSYCHOLOGY, CLINICAL"
CHILD & YOUTH CARE FORUM,1053-1890,1573-3319,"PSYCHOLOGY, DEVELOPMENTAL"
JOURNAL OF BEHAVIOR THERAPY AND EXPERIMENTAL PSYCHIATRY,0005-7916,1873-7943,"PSYCHOLOGY, CLINICAL"
Health Psychology Open,N/A,2055-1029,"PSYCHOLOGY, CLINICAL"
Self and Identity,1529-8868,1529-8876,"PSYCHOLOGY, SOCIAL"
JOURNAL OF GENETIC PSYCHOLOGY,0022-1325,1940-0896,PSYCHOLOGY
JOURNAL OF GENETIC PSYCHOLOGY,0022-1325,1940-0896,"PSYCHOLOGY, DEVELOPMENTAL"
LEARNING AND MOTIVATION,0023-9690,1095-9122,"PSYCHOLOGY, BIOLOGICAL"
LEARNING AND MOTIVATION,0023-9690,1095-9122,"PSYCHOLOGY, EXPERIMENTAL"
Cognitive Processing,1612-4782,1612-4790,"PSYCHOLOGY, EXPERIMENTAL"
Social Neuroscience,1747-0919,1747-0927,PSYCHOLOGY
Psychology of Music,0305-7356,1741-3087,"PSYCHOLOGY, APPLIED"
Psychology of Music,0305-7356,1741-3087,"PSYCHOLOGY, EDUCATIONAL"
Psychology of Music,0305-7356,1741-3087,"PSYCHOLOGY, EXPERIMENTAL"
JOURNAL OF PSYCHOLINGUISTIC RESEARCH,0090-6905,1573-6555,"PSYCHOLOGY, EXPERIMENTAL"
Language Cognition and Neuroscience,2327-3798,2327-3801,"PSYCHOLOGY, EXPERIMENTAL"
Counselling Psychology Quarterly,0951-5070,1469-3674,"PSYCHOLOGY, APPLIED"
Research in Psychotherapy-Psychopathology Process and Outcome,2239-8031,2239-8031,"PSYCHOLOGY, CLINICAL"
Social Justice Research,0885-7466,1573-6725,"PSYCHOLOGY, SOCIAL"
Journal of Aggression Maltreatment & Trauma,1092-6771,1545-083X,"PSYCHOLOGY, CLINICAL"
Journal of Child and Family Studies,1062-1024,1573-2843,"PSYCHOLOGY, DEVELOPMENTAL"
HUMAN MOVEMENT SCIENCE,0167-9457,1872-7646,PSYCHOLOGY
HUMAN MOVEMENT SCIENCE,0167-9457,1872-7646,"PSYCHOLOGY, EXPERIMENTAL"
Journal of Cognition and Development,1524-8372,1532-7647,"PSYCHOLOGY, DEVELOPMENTAL"
Journal of Cognition and Development,1524-8372,1532-7647,"PSYCHOLOGY, EXPERIMENTAL"
JOURNAL OF EMPLOYMENT COUNSELING,0022-0787,2161-1920,"PSYCHOLOGY, APPLIED"
SOCIAL DEVELOPMENT,0961-205X,1467-9507,"PSYCHOLOGY, DEVELOPMENTAL"
SPORT PSYCHOLOGIST,0888-4781,1543-2793,PSYCHOLOGY
SPORT PSYCHOLOGIST,0888-4781,1543-2793,"PSYCHOLOGY, APPLIED"
AGING NEUROPSYCHOLOGY AND COGNITION,1382-5585,1744-4128,"PSYCHOLOGY, DEVELOPMENTAL"
AGING NEUROPSYCHOLOGY AND COGNITION,1382-5585,1744-4128,"PSYCHOLOGY, EXPERIMENTAL"
JOURNAL OF CLINICAL PSYCHOLOGY IN MEDICAL SETTINGS,1068-9583,1573-3572,"PSYCHOLOGY, CLINICAL"
Occupational Health Science,2367-0134,2367-0142,"PSYCHOLOGY, APPLIED"
Spatial Cognition and Computation,1387-5868,1542-7633,"PSYCHOLOGY, EXPERIMENTAL"
PERCEPTION,0301-0066,1468-4233,PSYCHOLOGY
PERCEPTION,0301-0066,1468-4233,"PSYCHOLOGY, EXPERIMENTAL"
DEVELOPMENTAL NEUROPSYCHOLOGY,8756-5641,1532-6942,PSYCHOLOGY
DEVELOPMENTAL NEUROPSYCHOLOGY,8756-5641,1532-6942,"PSYCHOLOGY, DEVELOPMENTAL"
DEVELOPMENTAL NEUROPSYCHOLOGY,8756-5641,1532-6942,"PSYCHOLOGY, EXPERIMENTAL"
CLINICAL EEG AND NEUROSCIENCE,1550-0594,2169-5202,PSYCHOLOGY
Journal for Specialists in Group Work,0193-3922,1549-6295,"PSYCHOLOGY, CLINICAL"
Empirical Studies of the Arts,0276-2374,1541-4493,"PSYCHOLOGY, MULTIDISCIPLINARY"
JOURNAL OF CONTEMPORARY PSYCHOTHERAPY,0022-0116,1573-3564,"PSYCHOLOGY, CLINICAL"
JOURNAL OF EARLY INTERVENTION,1053-8151,2154-3992,"PSYCHOLOGY, EDUCATIONAL"
Language Learning and Development,1547-5441,1547-3341,"PSYCHOLOGY, DEVELOPMENTAL"
Language Learning and Development,1547-5441,1547-3341,"PSYCHOLOGY, EXPERIMENTAL"
JOURNAL OF DEVELOPMENTAL AND PHYSICAL DISABILITIES,1056-263X,1573-3580,"PSYCHOLOGY, DEVELOPMENTAL"
BRITISH JOURNAL OF MATHEMATICAL & STATISTICAL PSYCHOLOGY,0007-1102,2044-8317,"PSYCHOLOGY, EXPERIMENTAL"
BRITISH JOURNAL OF MATHEMATICAL & STATISTICAL PSYCHOLOGY,0007-1102,2044-8317,"PSYCHOLOGY, MATHEMATICAL"
ARTS IN PSYCHOTHERAPY,0197-4556,1873-5878,"PSYCHOLOGY, CLINICAL"
ZEITSCHRIFT FUR ENTWICKLUNGSPSYCHOLOGIE UND PADAGOGISCHE PSYCHOLOGIE,0049-8637,2190-6262,"PSYCHOLOGY, EDUCATIONAL"
International Journal of Cognitive Therapy,1937-1209,1937-1217,"PSYCHOLOGY, CLINICAL"
VISION RESEARCH,0042-6989,1878-5646,PSYCHOLOGY
JOURNAL OF PSYCHOEDUCATIONAL ASSESSMENT,0734-2829,1557-5144,"PSYCHOLOGY, EDUCATIONAL"
QUARTERLY JOURNAL OF EXPERIMENTAL PSYCHOLOGY,1747-0218,1747-0226,PSYCHOLOGY
QUARTERLY JOURNAL OF EXPERIMENTAL PSYCHOLOGY,1747-0218,1747-0226,"PSYCHOLOGY, EXPERIMENTAL"
OMEGA-JOURNAL OF DEATH AND DYING,0030-2228,1541-3764,"PSYCHOLOGY, MULTIDISCIPLINARY"
PROFESSIONAL PSYCHOLOGY-RESEARCH AND PRACTICE,0735-7028,1939-1323,"PSYCHOLOGY, MULTIDISCIPLINARY"
Journal of Dual Diagnosis,1550-4263,1550-4271,"PSYCHOLOGY, CLINICAL"
International Journal of Sports Science & Coaching,1747-9541,2048-397X,"PSYCHOLOGY, APPLIED"
Psicologia-Reflexao e Critica,0102-7972,1678-7153,"PSYCHOLOGY, MULTIDISCIPLINARY"
SA Journal of Industrial Psychology,0258-5200,2071-0763,"PSYCHOLOGY, APPLIED"
JOURNAL OF PSYCHOSOCIAL ONCOLOGY,0734-7332,1540-7586,"PSYCHOLOGY, SOCIAL"
BEHAVIOUR CHANGE,0813-4839,2049-7768,"PSYCHOLOGY, CLINICAL"
Sexual and Relationship Therapy,1468-1994,1468-1749,"PSYCHOLOGY, CLINICAL"
EMOTIONAL AND BEHAVIOURAL DIFFICULTIES,1363-2752,1741-2692,"PSYCHOLOGY, EDUCATIONAL"
Language Assessment Quarterly,1543-4303,1543-4311,"PSYCHOLOGY, EDUCATIONAL"
JOURNAL OF LITERACY RESEARCH,1086-296X,1554-8430,"PSYCHOLOGY, EDUCATIONAL"
JOURNAL OF POSITIVE BEHAVIOR INTERVENTIONS,1098-3007,1538-4772,"PSYCHOLOGY, CLINICAL"
Psychiatry Psychology and Law,1321-8719,1934-1687,"PSYCHOLOGY, MULTIDISCIPLINARY"
Research in Human Development,1542-7609,1542-7617,"PSYCHOLOGY, DEVELOPMENTAL"
PHILOSOPHICAL PSYCHOLOGY,0951-5089,1465-394X,"PSYCHOLOGY, MULTIDISCIPLINARY"
Psychology of Consciousness-Theory Research and Practice,2326-5523,2326-5531,"PSYCHOLOGY, EXPERIMENTAL"
Anales de Psicologia,0212-9728,1695-2294,PSYCHOLOGY
Anales de Psicologia,0212-9728,1695-2294,"PSYCHOLOGY, MULTIDISCIPLINARY"
Journal of Clinical Sport Psychology,1932-9261,1932-927X,"PSYCHOLOGY, APPLIED"
JOURNAL OF THE EXPERIMENTAL ANALYSIS OF BEHAVIOR,0022-5002,1938-3711,"PSYCHOLOGY, BIOLOGICAL"
JOURNAL OF THE EXPERIMENTAL ANALYSIS OF BEHAVIOR,0022-5002,1938-3711,"PSYCHOLOGY, EXPERIMENTAL"
Spirituality in Clinical Practice,2326-4500,2326-4519,"PSYCHOLOGY, CLINICAL"
COUNSELOR EDUCATION AND SUPERVISION,0011-0035,1556-6978,"PSYCHOLOGY, APPLIED"
Journal of Child Sexual Abuse,1053-8712,1547-0679,"PSYCHOLOGY, CLINICAL"
RESEARCH QUARTERLY FOR EXERCISE AND SPORT,0270-1367,2168-3824,PSYCHOLOGY
RESEARCH QUARTERLY FOR EXERCISE AND SPORT,0270-1367,2168-3824,"PSYCHOLOGY, APPLIED"
Evolutionary Psychological Science,N/A,2198-9885,"PSYCHOLOGY, MULTIDISCIPLINARY"
MEASUREMENT AND EVALUATION IN COUNSELING AND DEVELOPMENT,0748-1756,1947-6302,"PSYCHOLOGY, APPLIED"
MEASUREMENT AND EVALUATION IN COUNSELING AND DEVELOPMENT,0748-1756,1947-6302,"PSYCHOLOGY, EDUCATIONAL"
JOURNAL FOR THE THEORY OF SOCIAL BEHAVIOUR,0021-8308,1468-5914,"PSYCHOLOGY, SOCIAL"
JOURNAL OF EDUCATIONAL MEASUREMENT,0022-0655,1745-3984,"PSYCHOLOGY, APPLIED"
JOURNAL OF EDUCATIONAL MEASUREMENT,0022-0655,1745-3984,"PSYCHOLOGY, EDUCATIONAL"
JOURNAL OF EDUCATIONAL MEASUREMENT,0022-0655,1745-3984,"PSYCHOLOGY, MATHEMATICAL"
PSYCHOLOGISCHE RUNDSCHAU,0033-3042,2190-6238,"PSYCHOLOGY, MULTIDISCIPLINARY"
Applied Neuropsychology-Adult,2327-9095,2327-9109,PSYCHOLOGY
Australian Journal of Career Development,1038-4162,2200-6974,"PSYCHOLOGY, APPLIED"
EXPERIMENTAL AGING RESEARCH,0361-073X,1096-4657,PSYCHOLOGY
INTERNATIONAL JOURNAL OF MENTAL HEALTH,0020-7411,1557-9328,"PSYCHOLOGY, CLINICAL"
PERCEPTUAL AND MOTOR SKILLS,0031-5125,1558-688X,"PSYCHOLOGY, EXPERIMENTAL"
PSYCHOLOGICAL STUDIES,0033-2968,0974-9861,"PSYCHOLOGY, MULTIDISCIPLINARY"
Applied Neuropsychology-Child,2162-2965,2162-2973,PSYCHOLOGY
Timing & Time Perception,2213-445X,2213-4468,"PSYCHOLOGY, EXPERIMENTAL"
MUSIC PERCEPTION,0730-7829,N/A,"PSYCHOLOGY, EXPERIMENTAL"
Advances in Neurodevelopmental Disorders,2366-7532,2366-7540,"PSYCHOLOGY, DEVELOPMENTAL"
CANADIAN JOURNAL OF BEHAVIOURAL SCIENCE-REVUE CANADIENNE DES SCIENCES DU COMPORTEMENT,0008-400X,1879-2669,"PSYCHOLOGY, MULTIDISCIPLINARY"
European Journal of Health Psychology,2512-8442,2512-8450,"PSYCHOLOGY, CLINICAL"
INTERNATIONAL JOURNAL OF OFFENDER THERAPY AND COMPARATIVE CRIMINOLOGY,0306-624X,1552-6933,"PSYCHOLOGY, APPLIED"
Behavioural Processes,0376-6357,1872-8308,"PSYCHOLOGY, BIOLOGICAL"
JOURNAL OF HUMANISTIC PSYCHOLOGY,0022-1678,1552-650X,"PSYCHOLOGY, MULTIDISCIPLINARY"
Journal of Sport Psychology in Action,2152-0704,2152-0712,"PSYCHOLOGY, APPLIED"
JOURNAL OF PSYCHOPATHOLOGY AND BEHAVIORAL ASSESSMENT,0882-2689,1573-3505,"PSYCHOLOGY, CLINICAL"
PsyCh Journal,2046-0252,2046-0260,"PSYCHOLOGY, MULTIDISCIPLINARY"
Acta Psychologica Sinica,0439-755X,N/A,"PSYCHOLOGY, MULTIDISCIPLINARY"
EUROPEAN REVIEW OF APPLIED PSYCHOLOGY-REVUE EUROPEENNE DE PSYCHOLOGIE APPLIQUEE,1162-9088,1162-9088,"PSYCHOLOGY, APPLIED"
Journal of Cultural Cognitive Science,2520-100X,2520-1018,"PSYCHOLOGY, EXPERIMENTAL"
Art Therapy,0742-1656,2159-9394,"PSYCHOLOGY, CLINICAL"
First Language,0142-7237,1740-2344,"PSYCHOLOGY, DEVELOPMENTAL"
Focus on Autism and Other Developmental Disabilities,1088-3576,1538-4829,"PSYCHOLOGY, DEVELOPMENTAL"
HUMOR-INTERNATIONAL JOURNAL OF HUMOR RESEARCH,0933-1719,1613-3722,"PSYCHOLOGY, MULTIDISCIPLINARY"
Counselling & Psychotherapy Research,1473-3145,1746-1405,"PSYCHOLOGY, CLINICAL"
JOURNAL OF NEUROLINGUISTICS,0911-6044,1873-8052,"PSYCHOLOGY, EXPERIMENTAL"
Sexes,N/A,2411-5118,"PSYCHOLOGY, MULTIDISCIPLINARY"
JOURNAL OF EXPERIMENTAL PSYCHOLOGY-ANIMAL LEARNING AND COGNITION,2329-8456,2329-8464,PSYCHOLOGY
JOURNAL OF EXPERIMENTAL PSYCHOLOGY-ANIMAL LEARNING AND COGNITION,2329-8456,2329-8464,"PSYCHOLOGY, BIOLOGICAL"
JOURNAL OF EXPERIMENTAL PSYCHOLOGY-ANIMAL LEARNING AND COGNITION,2329-8456,2329-8464,"PSYCHOLOGY, EXPERIMENTAL"
JOURNAL OF NONVERBAL BEHAVIOR,0191-5886,1573-3653,"PSYCHOLOGY, SOCIAL"
Social Psychology,1864-9335,2151-2590,"PSYCHOLOGY, SOCIAL"
ADAPTIVE BEHAVIOR,1059-7123,1741-2633,"PSYCHOLOGY, EXPERIMENTAL"
INTERNATIONAL JOURNAL OF AGING & HUMAN DEVELOPMENT,0091-4150,1541-3535,"PSYCHOLOGY, DEVELOPMENTAL"
SOCIAL COGNITION,0278-016X,N/A,"PSYCHOLOGY, SOCIAL"
AIDS CARE-PSYCHOLOGICAL AND SOCIO-MEDICAL ASPECTS OF AIDS/HIV,0954-0121,1360-0451,"PSYCHOLOGY, MULTIDISCIPLINARY"
Clinical Psychologist,1328-4207,1742-9552,PSYCHOLOGY
Clinical Psychologist,1328-4207,1742-9552,"PSYCHOLOGY, CLINICAL"
International Journal of Psychological Research,2011-7922,2011-2084,"PSYCHOLOGY, MULTIDISCIPLINARY"
Journal of Individual Differences,1614-0001,2151-2299,"PSYCHOLOGY, SOCIAL"
AMERICAN JOURNAL OF CLINICAL HYPNOSIS,0002-9157,2160-0562,"PSYCHOLOGY, CLINICAL"
Clinical Practice in Pediatric Psychology,2169-4826,2169-4834,"PSYCHOLOGY, CLINICAL"
Clinical Practice in Pediatric Psychology,2169-4826,2169-4834,"PSYCHOLOGY, DEVELOPMENTAL"
Adaptive Human Behavior and Physiology,2198-7335,2198-7335,"PSYCHOLOGY, BIOLOGICAL"
European Journal of Education and Psychology,1888-8992,1989-2209,"PSYCHOLOGY, EDUCATIONAL"
HISPANIC JOURNAL OF BEHAVIORAL SCIENCES,0739-9863,1552-6364,"PSYCHOLOGY, MULTIDISCIPLINARY"
Journal of Cognitive Psychology,2044-5911,2044-592X,"PSYCHOLOGY, EXPERIMENTAL"
Reading Psychology,0270-2711,1521-0685,"PSYCHOLOGY, EDUCATIONAL"
Psychosis-Psychological Social and Integrative Approaches,1752-2439,1752-2447,"PSYCHOLOGY, CLINICAL"
Psychology Society & Education,2171-2085,1989-709X,"PSYCHOLOGY, MULTIDISCIPLINARY"
MERRILL-PALMER QUARTERLY-JOURNAL OF DEVELOPMENTAL PSYCHOLOGY,0272-930X,1535-0266,"PSYCHOLOGY, DEVELOPMENTAL"
Language and Cognition,1866-9808,1866-9859,"PSYCHOLOGY, EXPERIMENTAL"
PSYCHOLOGY CRIME & LAW,1068-316X,1477-2744,"PSYCHOLOGY, MULTIDISCIPLINARY"
WOMEN & THERAPY,0270-3149,1541-0315,"PSYCHOLOGY, MULTIDISCIPLINARY"
Infants & Young Children,0896-3746,1550-5081,"PSYCHOLOGY, DEVELOPMENTAL"
History of Psychology,1093-4510,1939-0610,"PSYCHOLOGY, MULTIDISCIPLINARY"
JOURNAL OF COMPARATIVE PSYCHOLOGY,0735-7036,1939-2087,PSYCHOLOGY
JOURNAL OF COMPARATIVE PSYCHOLOGY,0735-7036,1939-2087,"PSYCHOLOGY, MULTIDISCIPLINARY"
LANGUAGE AND SPEECH,0023-8309,1756-6053,"PSYCHOLOGY, EXPERIMENTAL"
Human Arenas,2522-5790,2522-5804,"PSYCHOLOGY, MULTIDISCIPLINARY"
Evolutionary Behavioral Sciences,2330-2925,2330-2933,PSYCHOLOGY
Journal of Applied School Psychology,1537-7903,1537-7911,"PSYCHOLOGY, EDUCATIONAL"
APPLIED MEASUREMENT IN EDUCATION,0895-7347,1532-4818,"PSYCHOLOGY, EDUCATIONAL"
APPLIED MEASUREMENT IN EDUCATION,0895-7347,1532-4818,"PSYCHOLOGY, MATHEMATICAL"
JOURNAL OF FAMILY THERAPY,0163-4445,1467-6427,"PSYCHOLOGY, CLINICAL"
KOLNER ZEITSCHRIFT FUR SOZIOLOGIE UND SOZIALPSYCHOLOGIE,0023-2653,1861-891X,"PSYCHOLOGY, SOCIAL"
STUDIA PSYCHOLOGICA,0039-3320,2585-8815,"PSYCHOLOGY, MULTIDISCIPLINARY"
THEORY & PSYCHOLOGY,0959-3543,1461-7447,"PSYCHOLOGY, MULTIDISCIPLINARY"
Journal for the Study of Education and Development,0210-3702,1578-4126,"PSYCHOLOGY, DEVELOPMENTAL"
Journal for the Study of Education and Development,0210-3702,1578-4126,"PSYCHOLOGY, EDUCATIONAL"
Evolutionary Psychology,1474-7049,1474-7049,"PSYCHOLOGY, EXPERIMENTAL"
CANADIAN JOURNAL OF EXPERIMENTAL PSYCHOLOGY-REVUE CANADIENNE DE PSYCHOLOGIE EXPERIMENTALE,1196-1961,1878-7290,"PSYCHOLOGY, EXPERIMENTAL"
MILITARY PSYCHOLOGY,0899-5605,1532-7876,"PSYCHOLOGY, MULTIDISCIPLINARY"
EXPERIMENTAL PSYCHOLOGY,1618-3169,2190-5142,"PSYCHOLOGY, EXPERIMENTAL"
JOURNAL OF MOTOR BEHAVIOR,0022-2895,1940-1027,PSYCHOLOGY
JOURNAL OF MOTOR BEHAVIOR,0022-2895,1940-1027,"PSYCHOLOGY, EXPERIMENTAL"
Advances in Autism,2056-3868,2056-3868,"PSYCHOLOGY, DEVELOPMENTAL"
International Journal of Educational Psychology,2014-3591,2014-3591,"PSYCHOLOGY, EDUCATIONAL"
Integrative Psychological and Behavioral Science,1932-4502,1936-3567,"PSYCHOLOGY, BIOLOGICAL"
Psychology in Russia-State of the Art,2074-6857,2307-2202,"PSYCHOLOGY, MULTIDISCIPLINARY"
REVISTA LATINOAMERICANA DE PSICOLOGIA,0120-0534,0120-0534,"PSYCHOLOGY, MULTIDISCIPLINARY"
BEHAVIORAL INTERVENTIONS,1072-0847,1099-078X,"PSYCHOLOGY, CLINICAL"
PSYCHOANALYTIC PSYCHOLOGY,0736-9735,1939-1331,"PSYCHOLOGY, CLINICAL"
BEHAVIORAL SCIENCES & THE LAW,0735-3936,1099-0798,"PSYCHOLOGY, APPLIED"
Psychotherapie,2731-7161,2731-717X,"PSYCHOLOGY, CLINICAL"
Decision-Washington,2325-9965,2325-9973,"PSYCHOLOGY, MULTIDISCIPLINARY"
Early Child Development and Care,0300-4430,1476-8275,"PSYCHOLOGY, DEVELOPMENTAL"
Papeles del Psicologo,0214-7823,1886-1415,"PSYCHOLOGY, MULTIDISCIPLINARY"
JOURNAL OF ADDICTIONS & OFFENDER COUNSELING,1055-3835,2161-1874,"PSYCHOLOGY, APPLIED"
APPLIED PSYCHOLOGICAL MEASUREMENT,0146-6216,1552-3497,"PSYCHOLOGY, MATHEMATICAL"
INTERNATIONAL JOURNAL FOR THE ADVANCEMENT OF COUNSELLING,0165-0653,1573-3246,"PSYCHOLOGY, APPLIED"
JOURNAL OF SOCIAL AND CLINICAL PSYCHOLOGY,0736-7236,N/A,"PSYCHOLOGY, CLINICAL"
JOURNAL OF SOCIAL AND CLINICAL PSYCHOLOGY,0736-7236,N/A,"PSYCHOLOGY, SOCIAL"
CONTEMPORARY FAMILY THERAPY,0892-2764,1573-3335,"PSYCHOLOGY, CLINICAL"
CULTURE & PSYCHOLOGY,1354-067X,1461-7056,"PSYCHOLOGY, MULTIDISCIPLINARY"
Residential Treatment for Children & Youth,0886-571X,1541-0358,"PSYCHOLOGY, CLINICAL"
Journal of Theoretical and Philosophical Psychology,1068-8471,2151-3341,"PSYCHOLOGY, MULTIDISCIPLINARY"
PSYCHOLOGICAL RECORD,0033-2933,2163-3452,"PSYCHOLOGY, MULTIDISCIPLINARY"
Journal of Experimental Psychopathology,N/A,2043-8087,"PSYCHOLOGY, CLINICAL"
INTERNATIONAL JOURNAL OF GROUP PSYCHOTHERAPY,0020-7284,1943-2836,"PSYCHOLOGY, CLINICAL"
Educational Psychology in Practice,0266-7363,1469-5839,"PSYCHOLOGY, EDUCATIONAL"
International Journal of AEROSPACE Psychology,2472-1832,2472-1840,"PSYCHOLOGY, APPLIED"
Journal of EMDR Practice and Research,1933-3196,1933-320X,PSYCHOLOGY
Journal of EMDR Practice and Research,1933-3196,1933-320X,"PSYCHOLOGY, CLINICAL"
SOCIAL BEHAVIOR AND PERSONALITY,0301-2212,1179-6391,"PSYCHOLOGY, SOCIAL"
ZEITSCHRIFT FUR ARBEITS-UND ORGANISATIONSPSYCHOLOGIE,0932-4089,2190-6270,"PSYCHOLOGY, APPLIED"
Advances in Cognitive Psychology,1895-1171,1895-1171,"PSYCHOLOGY, EXPERIMENTAL"
BRITISH JOURNAL OF GUIDANCE & COUNSELLING,0306-9885,1469-3534,"PSYCHOLOGY, APPLIED"
Current Issues in Personality Psychology,2353-4192,2353-561X,"PSYCHOLOGY, SOCIAL"
JOURNAL OF CONSTRUCTIVIST PSYCHOLOGY,1072-0537,1521-0650,"PSYCHOLOGY, CLINICAL"
Aloma-Revista de Psicologia Ciencies de l Educacio i de l Esport,1138-3194,2339-9694,"PSYCHOLOGY, MULTIDISCIPLINARY"
Acta Neuropsychologica,1730-7503,2084-4298,PSYCHOLOGY
Journal of Poetry Therapy,0889-3675,1567-2344,"PSYCHOLOGY, MULTIDISCIPLINARY"
Anuario De Psicologia Juridica,1133-0740,2174-0542,"PSYCHOLOGY, MULTIDISCIPLINARY"
International Journal of Social Psychology,0213-4748,1579-3680,"PSYCHOLOGY, SOCIAL"
Psychology of Leaders and Leadership,2769-6863,2769-6898,"PSYCHOLOGY, APPLIED"
LATERALITY,1357-650X,1464-0678,"PSYCHOLOGY, EXPERIMENTAL"
LATERALITY,1357-650X,1464-0678,"PSYCHOLOGY, MULTIDISCIPLINARY"
AMERICAN JOURNAL OF FAMILY THERAPY,0192-6187,1521-0383,"PSYCHOLOGY, CLINICAL"
Coaching-An International Journal of Theory Research and Practice,1752-1882,1752-1890,"PSYCHOLOGY, APPLIED"
Journal of Spirituality in Mental Health,1934-9637,1934-9645,"PSYCHOLOGY, APPLIED"
Peace and Conflict-Journal of Peace Psychology,1078-1919,1532-7949,"PSYCHOLOGY, SOCIAL"
Psihologija,0048-5705,N/A,"PSYCHOLOGY, MULTIDISCIPLINARY"
Psychology and Developing Societies,0971-3336,0973-0761,"PSYCHOLOGY, MULTIDISCIPLINARY"
Consulting Psychology Journal-Practice and Research,1065-9293,1939-0149,"PSYCHOLOGY, APPLIED"
Journal of Prevention & Intervention in the Community,1085-2352,1540-7330,"PSYCHOLOGY, MULTIDISCIPLINARY"
AMERICAN JOURNAL OF PSYCHOLOGY,0002-9556,1939-8298,"PSYCHOLOGY, MULTIDISCIPLINARY"
JOURNAL OF PSYCHOPHYSIOLOGY,0269-8803,2151-2124,"PSYCHOLOGY, BIOLOGICAL"
International Journal of Evidence Based Coaching & Mentoring,1741-8305,1741-8305,"PSYCHOLOGY, APPLIED"
Journal of Pediatric Neuropsychology,2199-2681,2199-2673,PSYCHOLOGY
Journal of Pediatric Neuropsychology,2199-2681,2199-2673,"PSYCHOLOGY, CLINICAL"
Journal of Pediatric Neuropsychology,2199-2681,2199-2673,"PSYCHOLOGY, DEVELOPMENTAL"
Archive for the Psychology of Religion-Archiv fur Religionspsychologie,0084-6724,1573-6121,"PSYCHOLOGY, MULTIDISCIPLINARY"
Pastoral Psychology,0031-2789,1573-6679,"PSYCHOLOGY, MULTIDISCIPLINARY"
ZEITSCHRIFT FUR PSYCHOSOMATISCHE MEDIZIN UND PSYCHOTHERAPIE,1438-3608,2196-8349,PSYCHOLOGY
ZEITSCHRIFT FUR PSYCHOSOMATISCHE MEDIZIN UND PSYCHOTHERAPIE,1438-3608,2196-8349,"PSYCHOLOGY, CLINICAL"
ZEITSCHRIFT FUR PSYCHOSOMATISCHE MEDIZIN UND PSYCHOTHERAPIE,1438-3608,2196-8349,"PSYCHOLOGY, MULTIDISCIPLINARY"
Revista de Psicologia Clinica con Ninos y Adolescentes,2340-8340,2340-8340,"PSYCHOLOGY, DEVELOPMENTAL"
DREAMING,1053-0797,1573-3351,"PSYCHOLOGY, MULTIDISCIPLINARY"
JOURNAL OF EDUCATIONAL AND PSYCHOLOGICAL CONSULTATION,1047-4412,1532-768X,"PSYCHOLOGY, EDUCATIONAL"
Journal of Investigative Psychology and Offender Profiling,1544-4759,1544-4767,"PSYCHOLOGY, APPLIED"
KINDHEIT UND ENTWICKLUNG,0942-5403,2190-6246,"PSYCHOLOGY, DEVELOPMENTAL"
Advances in Dual Diagnosis,1757-0972,2042-8324,"PSYCHOLOGY, CLINICAL"
Journal of Motor Learning and Development,2325-3193,2325-3215,"PSYCHOLOGY, DEVELOPMENTAL"
Journal of Motor Learning and Development,2325-3193,2325-3215,"PSYCHOLOGY, EXPERIMENTAL"
Journal of Psychology in Africa,1433-0237,1815-5626,"PSYCHOLOGY, MULTIDISCIPLINARY"
JOURNAL OF MULTICULTURAL COUNSELING AND DEVELOPMENT,0883-8534,2161-1912,"PSYCHOLOGY, APPLIED"
Zeitschrift fur Sexualforschung,0932-8114,1438-9460,"PSYCHOLOGY, CLINICAL"
GeroPsych-The Journal of Gerontopsychology and Geriatric Psychiatry,1662-9647,1662-971X,"PSYCHOLOGY, DEVELOPMENTAL"
Terapia Psicologica,0718-4808,0718-4808,"PSYCHOLOGY, CLINICAL"
JAPANESE PSYCHOLOGICAL RESEARCH,0021-5368,1468-5884,"PSYCHOLOGY, MULTIDISCIPLINARY"
Journal of Evidence-Based Psychotherapies,2360-0853,N/A,"PSYCHOLOGY, CLINICAL"
AMERICAN JOURNAL OF DANCE THERAPY,0146-3721,1573-3262,"PSYCHOLOGY, MULTIDISCIPLINARY"
Journal of Humanistic Counseling,2159-0311,2161-1939,"PSYCHOLOGY, APPLIED"
Psicologica,0211-2159,1576-8597,"PSYCHOLOGY, EXPERIMENTAL"
Clinical Case Studies,1534-6501,1552-3802,"PSYCHOLOGY, CLINICAL"
GIO-Gruppe-Interaktion-Organisation-Zeitschrift fuer Angewandte Organisationspsychologie,2366-6145,2366-6218,"PSYCHOLOGY, SOCIAL"
Journal of Creativity in Mental Health,1540-1383,1540-1391,"PSYCHOLOGY, CLINICAL"
Studies in Psychology,0210-9395,1579-3699,"PSYCHOLOGY, MULTIDISCIPLINARY"
Interdisciplinaria,1668-7027,1668-7027,"PSYCHOLOGY, MULTIDISCIPLINARY"
TEACHING OF PSYCHOLOGY,0098-6283,1532-8023,"PSYCHOLOGY, MULTIDISCIPLINARY"
Psikhologicheskaya Nauka i Obrazovanie-Psychological Science and Education,1814-2052,2311-7273,"PSYCHOLOGY, MULTIDISCIPLINARY"
Journal of Forensic Psychology Research and Practice,2473-2850,2473-2842,"PSYCHOLOGY, MULTIDISCIPLINARY"
Journal of LGBTQ Issues in Counseling,2692-4951,2692-496X,"PSYCHOLOGY, APPLIED"
TPM-Testing Psychometrics Methodology in Applied Psychology,1972-6325,N/A,"PSYCHOLOGY, APPLIED"
Journal of Couple & Relationship Therapy-Innovations in Clinical and Educational Interventions,1533-2691,1533-2683,"PSYCHOLOGY, CLINICAL"
Journal of Occupational Therapy Schools and Early Intervention,1941-1243,1941-1251,"PSYCHOLOGY, EDUCATIONAL"
Psyecology-Bilingual Journal of Environmental Psychology-Revista Bilingue de Psicologia Ambiental,2171-1976,1989-9386,"PSYCHOLOGY, MULTIDISCIPLINARY"
Analysis of Verbal Behavior,0889-9401,2196-8926,"PSYCHOLOGY, MULTIDISCIPLINARY"
PSYCHOTHERAPIE PSYCHOSOMATIK MEDIZINISCHE PSYCHOLOGIE,0937-2032,1439-1058,"PSYCHOLOGY, CLINICAL"
Revista de Psicologia del Deporte,1132-239X,1988-5636,"PSYCHOLOGY, APPLIED"
Behavioral Psychology-Psicologia Conductual,1132-9483,1132-9483,"PSYCHOLOGY, CLINICAL"
Counseling and Values,0160-7960,2161-007X,"PSYCHOLOGY, APPLIED"
Journal of Psychological and Educational Research,2247-1537,2247-1537,"PSYCHOLOGY, EDUCATIONAL"
NEUROCASE,1355-4794,1465-3656,PSYCHOLOGY
Revista Espanola de Orientacion y Psicopedagogia,1989-7448,1989-7448,"PSYCHOLOGY, APPLIED"
International Journal of Psychology and Psychological Therapy,1577-7057,1989-2780,"PSYCHOLOGY, MULTIDISCIPLINARY"
Neuropsychological Trends,1970-321X,1970-3201,PSYCHOLOGY
Acta Colombiana de Psicologia,0123-9155,1909-9711,"PSYCHOLOGY, CLINICAL"
VERHALTENSTHERAPIE,1016-6262,1423-0402,"PSYCHOLOGY, CLINICAL"
PSYCHOLOGIST,0952-8229,0952-8229,"PSYCHOLOGY, MULTIDISCIPLINARY"
Psychomusicology,0275-3987,2162-1535,"PSYCHOLOGY, EXPERIMENTAL"
ETHOS,0091-2131,1548-1352,"PSYCHOLOGY, MULTIDISCIPLINARY"
International Journal of Play,2159-4937,2159-4953,"PSYCHOLOGY, MULTIDISCIPLINARY"
Nonlinear Dynamics Psychology and Life Sciences,1090-0578,1573-6652,"PSYCHOLOGY, MATHEMATICAL"
Nordic Psychology,1901-2276,1904-0016,"PSYCHOLOGY, MULTIDISCIPLINARY"
ZEITSCHRIFT FUR KLINISCHE PSYCHOLOGIE UND PSYCHOTHERAPIE,1616-3443,2190-6297,"PSYCHOLOGY, CLINICAL"
Kulturno-Istoricheskaya Psikhologiya-Cultural-Historical Psychology,1816-5435,2224-8935,"PSYCHOLOGY, MULTIDISCIPLINARY"
Journal of Cognition and Culture,1567-7095,1568-5373,"PSYCHOLOGY, MULTIDISCIPLINARY"
Sexual Health & Compulsivity,2692-9953,2692-9996,"PSYCHOLOGY, CLINICAL"
Journal of Cognitive Psychotherapy,0889-8391,1938-887X,"PSYCHOLOGY, CLINICAL"
Revista Iberoamericana de Diagnostico y Evaluacion-e Avaliacao Psicologica,2183-6051,2183-6051,"PSYCHOLOGY, CLINICAL"
DIAGNOSTICA,0012-1924,2190-622X,"PSYCHOLOGY, CLINICAL"
INTERNATIONAL JOURNAL OF SPORT PSYCHOLOGY,0047-0767,N/A,PSYCHOLOGY
INTERNATIONAL JOURNAL OF SPORT PSYCHOLOGY,0047-0767,N/A,"PSYCHOLOGY, MULTIDISCIPLINARY"
Pratiques Psychologiques,1269-1763,N/A,PSYCHOLOGY
Pratiques Psychologiques,1269-1763,N/A,"PSYCHOLOGY, MULTIDISCIPLINARY"
Electronic Journal of Research in Educational Psychology,1699-5880,1696-2095,"PSYCHOLOGY, EDUCATIONAL"
European Journal of Mental Health,1788-4934,1788-7119,"PSYCHOLOGY, CLINICAL"
Liberabit-Revista de Psicologia,1729-4827,2223-7666,"PSYCHOLOGY, MULTIDISCIPLINARY"
Anuario de Psicologia,0066-5126,1988-5253,PSYCHOLOGY
Anuario de Psicologia,0066-5126,1988-5253,"PSYCHOLOGY, MULTIDISCIPLINARY"
Psychologica,0871-4657,1647-8606,"PSYCHOLOGY, MULTIDISCIPLINARY"
International Journal of Emotional Education,2073-7629,2073-7629,"PSYCHOLOGY, EDUCATIONAL"
Journal of Youth Development,2325-4017,2325-4017,"PSYCHOLOGY, DEVELOPMENTAL"
Psicologia Sociale,1827-2517,2612-2006,"PSYCHOLOGY, SOCIAL"
Negotiation and Conflict Management Research,1750-4708,1750-4716,"PSYCHOLOGY, APPLIED"
Person-Centered and Experiential Psychotherapies,1477-9757,1752-9182,"PSYCHOLOGY, CLINICAL"
ANNEE PSYCHOLOGIQUE,0003-5033,1955-2580,"PSYCHOLOGY, MULTIDISCIPLINARY"
PSYCHOLOGIA,0033-2852,1347-5916,"PSYCHOLOGY, MULTIDISCIPLINARY"
Journal of Measurement and Evaluation in Education and Psychology-EPOD,1309-6575,1309-6575,"PSYCHOLOGY, EDUCATIONAL"
Ansiedad y Estres-Anxiety and Stress,1134-7937,2174-0437,"PSYCHOLOGY, CLINICAL"
Journal of Muslim Mental Health,1556-4908,1556-5009,"PSYCHOLOGY, MULTIDISCIPLINARY"
Social Psychology and Society,2221-1527,2311-7052,"PSYCHOLOGY, APPLIED"
ANNALES MEDICO-PSYCHOLOGIQUES,0003-4487,1769-6631,PSYCHOLOGY
Konsultativnaya Psikhologiya i Psikhoterapiya-Counseling Psychology and Psychotherapy,2075-3470,2311-9446,"PSYCHOLOGY, CLINICAL"
Psychotherapy and Politics International,1476-9263,1556-9195,"PSYCHOLOGY, MULTIDISCIPLINARY"
TRAVAIL HUMAIN,0041-1868,2104-3663,PSYCHOLOGY
TRAVAIL HUMAIN,0041-1868,2104-3663,"PSYCHOLOGY, APPLIED"
CESKOSLOVENSKA PSYCHOLOGIE,0009-062X,1804-6436,"PSYCHOLOGY, MULTIDISCIPLINARY"
Primenjena Psihologija,1821-0147,2334-7287,"PSYCHOLOGY, MULTIDISCIPLINARY"
Psychology-Journal of the Higher School of Economics,1813-8918,1813-8918,"PSYCHOLOGY, MULTIDISCIPLINARY"
Zeitschrift fur Neuropsychologie,1016-264X,1664-2902,PSYCHOLOGY
PSIKHOLOGICHESKII ZHURNAL,0205-9592,N/A,"PSYCHOLOGY, MULTIDISCIPLINARY"
Revista Iberoamericana de Psicologia del Ejercicio y el Deporte,1886-8576,2340-7700,"PSYCHOLOGY, APPLIED"
Revista Argentina de Ciencias del Comportamiento,1852-4206,1852-4206,"PSYCHOLOGY, MULTIDISCIPLINARY"
International Journal of Applied Psychoanalytic Studies,1742-3341,1556-9187,"PSYCHOLOGY, PSYCHOANALYSIS"
JOURNAL OF PSYCHOLOGY AND THEOLOGY,0091-6471,2328-1162,"PSYCHOLOGY, MULTIDISCIPLINARY"
PSYCHOANALYTIC INQUIRY,0735-1690,1940-9133,"PSYCHOLOGY, PSYCHOANALYSIS"
Psychoanalytic Study of the Child,0079-7308,2474-3356,"PSYCHOLOGY, PSYCHOANALYSIS"
Papers on Social Representations,1021-5573,1819-3978,"PSYCHOLOGY, SOCIAL"
Body Movement and Dance in Psychotherapy,1743-2979,1743-2987,"PSYCHOLOGY, CLINICAL"
CHILD & FAMILY BEHAVIOR THERAPY,0731-7107,1545-228X,"PSYCHOLOGY, CLINICAL"
Canadian Journal of Career Development,1499-1845,1499-1853,"PSYCHOLOGY, APPLIED"
Psihologijske teme,1332-0742,1849-0395,"PSYCHOLOGY, MULTIDISCIPLINARY"
Psychology and Law,2222-5196,2222-5196,"PSYCHOLOGY, MULTIDISCIPLINARY"
Zeitschrift fur Sportpsychologie,1612-5010,2190-6300,"PSYCHOLOGY, APPLIED"
Eksperimentalnaya Psikhologiya,2072-7593,2311-7036,"PSYCHOLOGY, EXPERIMENTAL"
International Journal of Systemic Therapy,2692-398X,2692-3998,"PSYCHOLOGY, CLINICAL"
PRAXIS DER KINDERPSYCHOLOGIE UND KINDERPSYCHIATRIE,0032-7034,2196-8225,"PSYCHOLOGY, DEVELOPMENTAL"
Psychologie Francaise,0033-2984,0033-2984,"PSYCHOLOGY, MULTIDISCIPLINARY"
JOURNAL OF CHILD PSYCHOTHERAPY,0075-417X,1469-9370,"PSYCHOLOGY, CLINICAL"
Organizatsionnaya Psikologiya,2312-5942,2312-5942,"PSYCHOLOGY, APPLIED"
Psicoterapia e Scienze Umane,0394-2864,1972-5043,"PSYCHOLOGY, CLINICAL"
Accion Psicologica,1578-908X,2255-1271,"PSYCHOLOGY, MULTIDISCIPLINARY"
Cyprus Turkish Journal of Psychiatry and Psychology,1302-7840,2667-8225,"PSYCHOLOGY, MULTIDISCIPLINARY"
REVISTA MEXICANA DE PSICOLOGIA,0185-6073,N/A,"PSYCHOLOGY, MULTIDISCIPLINARY"
European Journal of Psychotherapy & Counselling,1364-2537,1469-5901,"PSYCHOLOGY, CLINICAL"
Psicodebate-Psicologia Cultura y Sociedad,1515-2251,2451-6600,"PSYCHOLOGY, MULTIDISCIPLINARY"
Quaderns de Psicologia,0211-3481,2014-4520,"PSYCHOLOGY, MULTIDISCIPLINARY"
Geriatrie et Psychologie Neuropsychiatrie du Vieillissement,2115-8789,2115-7863,PSYCHOLOGY
Current Research in Social Psychology,1088-7423,1088-7423,"PSYCHOLOGY, SOCIAL"
Organisational and Social Dynamics,1474-2780,2044-3765,"PSYCHOLOGY, APPLIED"
Psicologia Clinica dello Sviluppo,1824-078X,1824-078X,"PSYCHOLOGY, DEVELOPMENTAL"
Psychoanalysis and History,1460-8235,1755-201X,"PSYCHOLOGY, PSYCHOANALYSIS"
Journal of Child and Adolescent Mental Health,1728-0583,1728-0591,"PSYCHOLOGY, CLINICAL"
Psychodynamic Practice,1475-3634,1475-3626,"PSYCHOLOGY, CLINICAL"
Psychodynamic Practice,1475-3634,1475-3626,"PSYCHOLOGY, PSYCHOANALYSIS"
Gedrag & Organisatie,0921-5077,1875-7235,"PSYCHOLOGY, APPLIED"
Gedrag & Organisatie,0921-5077,1875-7235,"PSYCHOLOGY, SOCIAL"
Clinical Psychology and Special Education,2304-0394,2304-0394,"PSYCHOLOGY, CLINICAL"
Revista de Psicoterapia,1130-5142,2339-7950,"PSYCHOLOGY, CLINICAL"
Journal of Educational Cultural and Psychological Studies,2037-7932,2037-7924,"PSYCHOLOGY, EDUCATIONAL"
PSYCHOLOGIE IN ERZIEHUNG UND UNTERRICHT,0342-183X,0342-183X,"PSYCHOLOGY, EDUCATIONAL"
Revista de Psicologia PUCP,0254-9247,2223-3733,"PSYCHOLOGY, MULTIDISCIPLINARY"
Sibirskiy Psikhologicheskiy Zhurnal-Siberian Journal of Psychology,1726-7080,2411-0809,"PSYCHOLOGY, MULTIDISCIPLINARY"
Journal of Cognitive Education and Psychology,1945-8959,1810-7621,"PSYCHOLOGY, EDUCATIONAL"
Psychologie du Travail et des Organisations,1420-2530,1420-2530,"PSYCHOLOGY, APPLIED"
Revista Costarricense de Psicologia,0257-1439,1659-2913,"PSYCHOLOGY, MULTIDISCIPLINARY"
Revista De Historia De La Psicologia,0211-0040,2445-0928,"PSYCHOLOGY, MULTIDISCIPLINARY"
Universitas Psychologica,1657-9267,N/A,"PSYCHOLOGY, MULTIDISCIPLINARY"
Cuadernos de Neuropsicologia-Panamerican Journal of Neuropsychology,0718-4123,0718-4123,"PSYCHOLOGY, BIOLOGICAL"
Eureka-Revista Cientifica de Psicologia,2218-0559,2220-9026,"PSYCHOLOGY, MULTIDISCIPLINARY"
FORUM DER PSYCHOANALYSE,0178-7667,1437-0751,"PSYCHOLOGY, PSYCHOANALYSIS"
PSYCHE-ZEITSCHRIFT FUR PSYCHOANALYSE UND IHRE ANWENDUNGEN,0033-2623,N/A,"PSYCHOLOGY, PSYCHOANALYSIS"
Rivista Internazionale di Filosofia e Psicologia,2039-4667,2239-2629,"PSYCHOLOGY, MULTIDISCIPLINARY"
Journal of Psychosocial Studies,1478-6737,1478-6737,"PSYCHOLOGY, MULTIDISCIPLINARY"
Studies in Psychology-Psikoloji Calismalari Dergisi,1304-4680,2602-2982,"PSYCHOLOGY, MULTIDISCIPLINARY"
Actualidades en Psicologia,0258-6444,2215-3535,PSYCHOLOGY
Asia Pacific Journal of Counselling and Psychotherapy,2150-7686,2150-7708,"PSYCHOLOGY, CLINICAL"
Suicidology,2224-1264,2224-1264,"PSYCHOLOGY, MULTIDISCIPLINARY"
Revista CES Psicologia,2011-3080,2011-3080,"PSYCHOLOGY, MULTIDISCIPLINARY"
VOPROSY PSIKHOLOGII,0042-8841,0042-8841,"PSYCHOLOGY, EDUCATIONAL"
Avances en Psicologia Latinoamericana,1794-4724,2145-4515,PSYCHOLOGY
GRUPPENPSYCHOTHERAPIE UND GRUPPENDYNAMIK,0017-4947,2196-7989,"PSYCHOLOGY, CLINICAL"
TURK PSIKOLOJI DERGISI,1300-4433,1300-4433,"PSYCHOLOGY, MULTIDISCIPLINARY"
Pensando Psicologia,1900-3099,2382-3984,"PSYCHOLOGY, MULTIDISCIPLINARY"
Zeitschrift fuer Individualpsychologie,0342-393X,2196-8330,"PSYCHOLOGY, PSYCHOANALYSIS"
Psychological Perspectives-A Quarterly Journal of Jungian Thought,0033-2925,1556-3030,"PSYCHOLOGY, PSYCHOANALYSIS"
Ricerche di Psicologia,0391-6081,1972-5620,PSYCHOLOGY
NEW ZEALAND JOURNAL OF PSYCHOLOGY,0112-109X,1179-7924,"PSYCHOLOGY, MULTIDISCIPLINARY"
Enfance,0013-7545,1969-6981,"PSYCHOLOGY, DEVELOPMENTAL"
Psicologia Conocimiento y Sociedad,1688-7026,1688-7026,"PSYCHOLOGY, MULTIDISCIPLINARY"
Psycho-Oncologie,1778-3798,1778-381X,PSYCHOLOGY
Diversitas-Perspectivas en Psicologia,1794-9998,2256-3067,"PSYCHOLOGY, MULTIDISCIPLINARY"
ARQUIVOS BRASILEROS DE PSICOLOGIA,1809-5267,1809-5267,"PSYCHOLOGY, MULTIDISCIPLINARY"
Calidad de Vida y Salud,1850-6216,1850-6216,"PSYCHOLOGY, MULTIDISCIPLINARY"
International Journal of Integrative Psychotherapy,2156-9703,2156-9703,"PSYCHOLOGY, CLINICAL"
Desde el Jardin de Freud-Revista de Psicoanalisis,1657-3986,2256-5477,"PSYCHOLOGY, PSYCHOANALYSIS"
Filigrane-Revue de Psychanalyse,1192-1412,1911-4656,"PSYCHOLOGY, PSYCHOANALYSIS"
ECOS-Estudos Contemporaneos da Subjetividade,2237-941X,2237-941X,"PSYCHOLOGY, MULTIDISCIPLINARY"
Indian Journal of Psychological Science,0976-9218,0976-9218,"PSYCHOLOGY, MULTIDISCIPLINARY"
Revista Chilena de Neuropsicologia,0718-4913,0718-4913,"PSYCHOLOGY, BIOLOGICAL"
Rivista di Psicologia dell Emergenza e dell Assistenza Umanitaria,2280-9120,2280-9120,"PSYCHOLOGY, CLINICAL"
PsyArt Journal-Online Journal for the Psychological Study of the Arts,N/A,1088-5870,"PSYCHOLOGY, MULTIDISCIPLINARY"
Revista Clinica Contemporanea,1989-9912,1989-9912,"PSYCHOLOGY, CLINICAL"